@timestamp,Platform-TenantId,url,status,anomaly_label
2025-04-07 10:00:00+00:00,jupiter,/channel/transfer,FORBIDDEN,anomaly
2025-04-07 10:00:01+00:00,wakanda,/channel/transfer,TIMEOUT,normal
2025-04-07 10:00:02+00:00,gorilla,/channel/transfer,SUCCESS,normal
2025-04-07 10:00:06+00:00,venus,/channel/transfer,SUCCESS,normal
2025-04-07 10:00:04+00:00,gorilla,/channel/transfer,SUCCESS,normal
2025-04-07 10:00:05+00:00,gorilla,/channel/transfer,GATEWAY_TIMEOUT,normal
2025-04-07 10:00:18+00:00,venus,/channel/transfer,SUCCESS,normal
2025-04-07 10:00:14+00:00,venus,/channel/transfer,SUCCESS,normal
2025-04-07 10:00:08+00:00,venus,/channel/transfer,SUCCESS,normal
2025-04-07 10:00:09+00:00,wakanda,/channel/transfer,TIMEOUT,normal
2025-04-07 10:00:20+00:00,jupiter,/channel/transfer,SUCCESS,normal
2025-04-07 10:00:11+00:00,phdefault,/channel/transfer,SUCCESS,normal
2025-04-07 10:00:36+00:00,pluto,/channel/transfer,SUCCESS,normal
2025-04-07 10:00:39+00:00,jupiter,/channel/transfer,SUCCESS,normal
2025-04-07 10:00:14+00:00,gorilla,/channel/transfer,ERROR,normal
2025-04-07 10:00:30+00:00,rhino,/channel/transfer,GATEWAY_TIMEOUT,normal
2025-04-07 10:00:16+00:00,venus,/channel/transfer,SUCCESS,normal
2025-04-07 10:00:34+00:00,pluto,/channel/transfer,SUCCESS,normal
2025-04-07 10:00:36+00:00,jupiter,/channel/transfer,SUCCESS,normal
2025-04-07 10:00:57+00:00,wakanda,/channel/transfer,SUCCESS,normal
2025-04-07 10:00:40+00:00,venus,/channel/transfer,ERROR,normal
2025-04-07 10:00:21+00:00,gorilla,/channel/transfer,SUCCESS,normal
2025-04-07 10:00:44+00:00,wakanda,/channel/transfer,SUCCESS,normal
2025-04-07 10:00:23+00:00,phdefault,/channel/transfer,SUCCESS,normal
2025-04-07 10:00:24+00:00,gorilla,/channel/transfer,SUCCESS,normal
2025-04-07 10:00:50+00:00,wakanda,/channel/transfer,SUCCESS,normal
2025-04-07 10:01:18+00:00,phdefault,/channel/transfer,ERROR,normal
2025-04-07 10:01:21+00:00,wakanda,/channel/transfer,SUCCESS,normal
2025-04-07 10:00:56+00:00,gorilla,/channel/transfer,SUCCESS,normal
2025-04-07 10:00:29+00:00,gorilla,/channel/transfer,ERROR,normal
2025-04-07 10:01:30+00:00,pluto,/channel/transfer,ERROR,normal
2025-04-07 10:01:02+00:00,rhino,/channel/transfer,SUCCESS,normal
2025-04-07 10:00:32+00:00,gorilla,/channel/transfer,SUCCESS,normal
2025-04-07 10:01:06+00:00,venus,/channel/transfer,SUCCESS,normal
2025-04-07 10:01:42+00:00,jupiter,/channel/transfer,TIMEOUT,normal
2025-04-07 10:00:35+00:00,wakanda,/channel/transfer,SUCCESS,normal
2025-04-07 10:01:48+00:00,jupiter,/channel/transfer,SUCCESS,normal
2025-04-07 10:01:51+00:00,venus,/channel/transfer,SUCCESS,normal
2025-04-07 10:01:54+00:00,rhino,/channel/transfer,SUCCESS,normal
2025-04-07 10:01:18+00:00,pluto,/channel/transfer,SUCCESS,normal
2025-04-07 10:00:40+00:00,jupiter,/channel/transfer,SUCCESS,normal
2025-04-07 10:02:03+00:00,gorilla,/channel/transfer,GATEWAY_TIMEOUT,normal
2025-04-07 10:02:06+00:00,wakanda,/channel/transfer,SUCCESS,normal
2025-04-07 10:02:09+00:00,rhino,/channel/transfer,GATEWAY_TIMEOUT,normal
2025-04-07 10:01:28+00:00,pluto,/channel/transfer,GATEWAY_TIMEOUT,normal
2025-04-07 10:00:45+00:00,phdefault,/channel/transfer,GATEWAY_TIMEOUT,anomaly
2025-04-07 10:00:46+00:00,gorilla,/channel/transfer,SUCCESS,normal
2025-04-07 10:01:34+00:00,phdefault,/channel/transfer,SUCCESS,normal
2025-04-07 10:01:36+00:00,rhino,/channel/transfer,SUCCESS,normal
2025-04-07 10:01:38+00:00,wakanda,/channel/transfer,TIMEOUT,normal
2025-04-07 10:00:50+00:00,venus,/channel/transfer,GATEWAY_TIMEOUT,normal
2025-04-07 10:02:33+00:00,jupiter,/channel/transfer,SUCCESS,normal
2025-04-07 10:02:36+00:00,jupiter,/channel/transfer,ERROR,normal
2025-04-07 10:00:53+00:00,wakanda,/channel/transfer,TIMEOUT,normal
2025-04-07 10:02:42+00:00,wakanda,/channel/transfer,SUCCESS,normal
2025-04-07 10:01:50+00:00,wakanda,/channel/transfer,FORBIDDEN,anomaly
2025-04-07 10:00:56+00:00,gorilla,/channel/transfer,ERROR,normal
2025-04-07 10:02:51+00:00,gorilla,/channel/transfer,ERROR,normal
2025-04-07 10:00:58+00:00,rhino,/channel/transfer,ERROR,normal
2025-04-07 10:00:59+00:00,jupiter,/channel/transfer,SUCCESS,normal
2025-04-07 10:01:00+00:00,wakanda,/channel/transfer,TIMEOUT,normal
2025-04-07 10:03:03+00:00,wakanda,/channel/transfer,TIMEOUT,normal
2025-04-07 10:02:04+00:00,pluto,/channel/transfer,SUCCESS,normal
2025-04-07 10:01:03+00:00,jupiter,/channel/transfer,ERROR,normal
2025-04-07 10:02:08+00:00,pluto,/channel/transfer,SUCCESS,normal
2025-04-07 10:02:10+00:00,pluto,/channel/transfer,ERROR,normal
2025-04-07 10:03:18+00:00,venus,/channel/transfer,ERROR,normal
2025-04-07 10:02:14+00:00,phdefault,/channel/transfer,SUCCESS,normal
2025-04-07 10:01:08+00:00,wakanda,/channel/transfer,SUCCESS,normal
2025-04-07 10:03:27+00:00,wakanda,/channel/transfer,TIMEOUT,normal
2025-04-07 10:03:30+00:00,pluto,/channel/transfer,SUCCESS,normal
2025-04-07 10:01:11+00:00,gorilla,/channel/transfer,SUCCESS,normal
2025-04-07 10:03:36+00:00,wakanda,/channel/transfer,TIMEOUT,normal
2025-04-07 10:03:39+00:00,venus,/channel/transfer,SUCCESS,normal
2025-04-07 10:03:42+00:00,wakanda,/channel/transfer,ERROR,normal
2025-04-07 10:03:45+00:00,pluto,/channel/transfer,SUCCESS,normal
2025-04-07 10:01:16+00:00,pluto,/channel/transfer,GATEWAY_TIMEOUT,normal
2025-04-07 10:02:34+00:00,pluto,/channel/transfer,SUCCESS,normal
2025-04-07 10:03:54+00:00,venus,/channel/transfer,ERROR,normal
2025-04-07 10:01:19+00:00,venus,/channel/transfer,SUCCESS,normal
2025-04-07 10:04:00+00:00,gorilla,/channel/transfer,SUCCESS,normal
2025-04-07 10:04:03+00:00,gorilla,/channel/transfer,SUCCESS,normal
2025-04-07 10:01:22+00:00,rhino,/channel/transfer,SUCCESS,normal
2025-04-07 10:02:46+00:00,venus,/channel/transfer,SUCCESS,normal
2025-04-07 10:01:24+00:00,rhino,/channel/transfer,SUCCESS,normal
2025-04-07 10:04:15+00:00,pluto,/channel/transfer,ERROR,normal
2025-04-07 10:04:18+00:00,rhino,/channel/transfer,ERROR,normal
2025-04-07 10:02:54+00:00,pluto,/channel/transfer,SUCCESS,normal
2025-04-07 10:04:24+00:00,pluto,/channel/transfer,SUCCESS,normal
2025-04-07 10:02:58+00:00,rhino,/channel/transfer,SUCCESS,normal
2025-04-07 10:03:00+00:00,rhino,/channel/transfer,GATEWAY_TIMEOUT,normal
2025-04-07 10:01:31+00:00,jupiter,/channel/transfer,SUCCESS,normal
2025-04-07 10:01:32+00:00,wakanda,/channel/transfer,SUCCESS,normal
2025-04-07 10:04:39+00:00,pluto,/channel/transfer,SUCCESS,normal
2025-04-07 10:04:42+00:00,gorilla,/channel/transfer,SUCCESS,normal
2025-04-07 10:03:10+00:00,venus,/channel/transfer,SUCCESS,normal
2025-04-07 10:04:48+00:00,phdefault,/channel/transfer,TIMEOUT,normal
2025-04-07 10:04:51+00:00,rhino,/channel/transfer,SUCCESS,normal
2025-04-07 10:03:16+00:00,wakanda,/channel/transfer,FORBIDDEN,anomaly
2025-04-07 10:03:18+00:00,phdefault,/channel/transfer,GATEWAY_TIMEOUT,normal
2025-04-07 10:03:20+00:00,jupiter,/channel/transfer,SUCCESS,normal
2025-04-07 10:05:03+00:00,venus,/channel/transfer,GATEWAY_TIMEOUT,normal
2025-04-07 10:05:06+00:00,phdefault,/channel/transfer,SUCCESS,normal
2025-04-07 10:03:26+00:00,jupiter,/channel/transfer,ERROR,normal
2025-04-07 10:03:28+00:00,venus,/channel/transfer,SUCCESS,normal
2025-04-07 10:01:45+00:00,pluto,/channel/transfer,ERROR,normal
2025-04-07 10:03:32+00:00,venus,/channel/transfer,ERROR,normal
2025-04-07 10:05:21+00:00,gorilla,/channel/transfer,TIMEOUT,normal
2025-04-07 10:01:48+00:00,pluto,/channel/transfer,SUCCESS,normal
2025-04-07 10:01:49+00:00,phdefault,/channel/transfer,SUCCESS,normal
2025-04-07 10:03:40+00:00,gorilla,/channel/transfer,ERROR,normal
2025-04-07 10:01:51+00:00,gorilla,/channel/transfer,SUCCESS,normal
2025-04-07 10:03:44+00:00,wakanda,/channel/transfer,TIMEOUT,normal
2025-04-07 10:03:46+00:00,jupiter,/channel/transfer,SUCCESS,normal
2025-04-07 10:05:42+00:00,pluto,/channel/transfer,ERROR,normal
2025-04-07 10:03:50+00:00,gorilla,/channel/transfer,SUCCESS,normal
2025-04-07 10:05:48+00:00,pluto,/channel/transfer,SUCCESS,normal
2025-04-07 10:05:51+00:00,rhino,/channel/transfer,SUCCESS,normal
2025-04-07 10:03:56+00:00,gorilla,/channel/transfer,SUCCESS,normal
2025-04-07 10:05:57+00:00,pluto,/channel/transfer,SUCCESS,normal
2025-04-07 10:02:00+00:00,jupiter,/channel/transfer,FORBIDDEN,anomaly
2025-04-07 10:04:02+00:00,gorilla,/channel/transfer,GATEWAY_TIMEOUT,normal
2025-04-07 10:02:02+00:00,pluto,/channel/transfer,SUCCESS,normal
2025-04-07 10:02:03+00:00,wakanda,/channel/transfer,FORBIDDEN,anomaly
2025-04-07 10:06:12+00:00,pluto,/channel/transfer,ERROR,normal
2025-04-07 10:02:05+00:00,gorilla,/channel/transfer,ERROR,normal
2025-04-07 10:06:18+00:00,rhino,/channel/transfer,TIMEOUT,normal
2025-04-07 10:06:21+00:00,jupiter,/channel/transfer,ERROR,normal
2025-04-07 10:04:16+00:00,venus,/channel/transfer,SUCCESS,normal
2025-04-07 10:02:09+00:00,phdefault,/channel/transfer,ERROR,normal
2025-04-07 10:02:10+00:00,rhino,/channel/transfer,GATEWAY_TIMEOUT,normal
2025-04-07 10:06:33+00:00,rhino,/channel/transfer,TIMEOUT,normal
2025-04-07 10:04:24+00:00,phdefault,/channel/transfer,SUCCESS,normal
2025-04-07 10:02:13+00:00,phdefault,/channel/transfer,SUCCESS,normal
2025-04-07 10:04:28+00:00,phdefault,/channel/transfer,ERROR,normal
2025-04-07 10:04:30+00:00,pluto,/channel/transfer,SUCCESS,normal
2025-04-07 10:02:16+00:00,venus,/channel/transfer,GATEWAY_TIMEOUT,normal
2025-04-07 10:06:51+00:00,venus,/channel/transfer,SUCCESS,normal
2025-04-07 10:04:36+00:00,jupiter,/channel/transfer,SUCCESS,normal
2025-04-07 10:02:19+00:00,phdefault,/channel/transfer,FORBIDDEN,anomaly
2025-04-07 10:07:00+00:00,rhino,/channel/transfer,SUCCESS,normal
2025-04-07 10:04:42+00:00,phdefault,/channel/transfer,SUCCESS,normal
2025-04-07 10:04:44+00:00,pluto,/channel/transfer,ERROR,normal
2025-04-07 10:07:09+00:00,phdefault,/channel/transfer,SUCCESS,normal
2025-04-07 10:04:48+00:00,wakanda,/channel/transfer,SUCCESS,normal
2025-04-07 10:07:15+00:00,venus,/channel/transfer,FORBIDDEN,anomaly
2025-04-07 10:07:18+00:00,jupiter,/channel/transfer,ERROR,normal
2025-04-07 10:02:27+00:00,venus,/channel/transfer,SUCCESS,normal
2025-04-07 10:04:56+00:00,phdefault,/channel/transfer,SUCCESS,normal
2025-04-07 10:02:29+00:00,wakanda,/channel/transfer,SUCCESS,normal
2025-04-07 10:02:30+00:00,jupiter,/channel/transfer,SUCCESS,normal
2025-04-07 10:05:02+00:00,phdefault,/channel/transfer,ERROR,normal
2025-04-07 10:02:32+00:00,jupiter,/channel/transfer,SUCCESS,normal
2025-04-07 10:02:33+00:00,pluto,/channel/transfer,TIMEOUT,normal
2025-04-07 10:07:42+00:00,venus,/channel/transfer,FORBIDDEN,anomaly
2025-04-07 10:07:45+00:00,phdefault,/channel/transfer,SUCCESS,normal
2025-04-07 10:02:36+00:00,rhino,/channel/transfer,SUCCESS,normal
2025-04-07 10:07:51+00:00,wakanda,/channel/transfer,SUCCESS,normal
2025-04-07 10:02:38+00:00,pluto,/channel/transfer,ERROR,normal
2025-04-07 10:07:57+00:00,gorilla,/channel/transfer,ERROR,normal
2025-04-07 10:08:00+00:00,pluto,/channel/transfer,SUCCESS,normal
2025-04-07 10:08:03+00:00,jupiter,/channel/transfer,ERROR,normal
2025-04-07 10:05:24+00:00,jupiter,/channel/transfer,ERROR,normal
2025-04-07 10:05:26+00:00,wakanda,/channel/transfer,SUCCESS,normal
2025-04-07 10:08:12+00:00,wakanda,/channel/transfer,SUCCESS,normal
2025-04-07 10:08:15+00:00,wakanda,/channel/transfer,ERROR,normal
2025-04-07 10:02:46+00:00,phdefault,/channel/transfer,SUCCESS,normal
2025-04-07 10:05:34+00:00,gorilla,/channel/transfer,SUCCESS,normal
2025-04-07 10:08:24+00:00,wakanda,/channel/transfer,ERROR,normal
2025-04-07 10:02:49+00:00,gorilla,/channel/transfer,TIMEOUT,normal
2025-04-07 10:08:30+00:00,pluto,/channel/transfer,TIMEOUT,normal
2025-04-07 10:08:33+00:00,rhino,/channel/transfer,ERROR,normal
2025-04-07 10:02:52+00:00,gorilla,/channel/transfer,GATEWAY_TIMEOUT,normal
2025-04-07 10:02:53+00:00,jupiter,/channel/transfer,SUCCESS,normal
2025-04-07 10:05:48+00:00,pluto,/channel/transfer,SUCCESS,normal
2025-04-07 10:05:50+00:00,venus,/channel/transfer,SUCCESS,normal
2025-04-07 10:08:48+00:00,gorilla,/channel/transfer,ERROR,normal
2025-04-07 10:08:51+00:00,wakanda,/channel/transfer,SUCCESS,normal
2025-04-07 10:05:56+00:00,jupiter,/channel/transfer,ERROR,normal
2025-04-07 10:08:57+00:00,gorilla,/channel/transfer,SUCCESS,normal
2025-04-07 10:03:00+00:00,jupiter,/channel/transfer,ERROR,normal
2025-04-07 10:03:01+00:00,rhino,/channel/transfer,SUCCESS,normal
2025-04-07 10:09:06+00:00,gorilla,/channel/transfer,ERROR,normal
2025-04-07 10:09:09+00:00,gorilla,/channel/transfer,TIMEOUT,normal
2025-04-07 10:09:12+00:00,pluto,/channel/transfer,SUCCESS,normal
2025-04-07 10:03:05+00:00,gorilla,/channel/transfer,ERROR,normal
2025-04-07 10:06:12+00:00,rhino,/channel/transfer,SUCCESS,normal
2025-04-07 10:09:21+00:00,gorilla,/channel/transfer,TIMEOUT,normal
2025-04-07 10:06:16+00:00,pluto,/channel/transfer,SUCCESS,normal
2025-04-07 10:03:09+00:00,pluto,/channel/transfer,SUCCESS,normal
2025-04-07 10:03:10+00:00,wakanda,/channel/transfer,ERROR,normal
2025-04-07 10:06:22+00:00,wakanda,/channel/transfer,SUCCESS,normal
2025-04-07 10:06:24+00:00,gorilla,/channel/transfer,SUCCESS,normal
2025-04-07 10:06:26+00:00,rhino,/channel/transfer,ERROR,normal
2025-04-07 10:09:42+00:00,gorilla,/channel/transfer,SUCCESS,normal
2025-04-07 10:09:45+00:00,phdefault,/channel/transfer,SUCCESS,normal
2025-04-07 10:03:16+00:00,gorilla,/channel/transfer,SUCCESS,normal
2025-04-07 10:06:34+00:00,rhino,/channel/transfer,TIMEOUT,normal
2025-04-07 10:06:36+00:00,jupiter,/channel/transfer,SUCCESS,normal
2025-04-07 10:03:19+00:00,gorilla,/channel/transfer,SUCCESS,normal
2025-04-07 10:03:20+00:00,wakanda,/channel/transfer,SUCCESS,normal
2025-04-07 10:03:21+00:00,gorilla,/channel/transfer,ERROR,normal
2025-04-07 10:10:06+00:00,venus,/channel/transfer,SUCCESS,normal
2025-04-07 10:06:46+00:00,venus,/channel/transfer,FORBIDDEN,anomaly
2025-04-07 10:10:12+00:00,jupiter,/channel/transfer,SUCCESS,normal
2025-04-07 10:10:15+00:00,jupiter,/channel/transfer,SUCCESS,normal
2025-04-07 10:03:26+00:00,wakanda,/channel/transfer,FORBIDDEN,anomaly
2025-04-07 10:03:27+00:00,venus,/channel/transfer,SUCCESS,normal
2025-04-07 10:10:24+00:00,phdefault,/channel/transfer,TIMEOUT,normal
2025-04-07 10:03:29+00:00,jupiter,/channel/transfer,SUCCESS,normal
2025-04-07 10:07:00+00:00,wakanda,/channel/transfer,SUCCESS,normal
2025-04-07 10:07:02+00:00,pluto,/channel/transfer,SUCCESS,normal
2025-04-07 10:07:04+00:00,pluto,/channel/transfer,ERROR,normal
2025-04-07 10:07:06+00:00,phdefault,/channel/transfer,GATEWAY_TIMEOUT,normal
2025-04-07 10:03:34+00:00,jupiter,/channel/transfer,SUCCESS,normal
2025-04-07 10:07:10+00:00,pluto,/channel/transfer,SUCCESS,normal
2025-04-07 10:07:12+00:00,rhino,/channel/transfer,SUCCESS,normal
2025-04-07 10:03:37+00:00,phdefault,/channel/transfer,SUCCESS,normal
2025-04-07 10:03:38+00:00,rhino,/channel/transfer,SUCCESS,normal
2025-04-07 10:07:18+00:00,wakanda,/channel/transfer,GATEWAY_TIMEOUT,normal
2025-04-07 10:11:00+00:00,wakanda,/channel/transfer,FORBIDDEN,anomaly
2025-04-07 10:11:03+00:00,phdefault,/channel/transfer,TIMEOUT,normal
2025-04-07 10:03:42+00:00,gorilla,/channel/transfer,SUCCESS,normal
2025-04-07 10:07:26+00:00,phdefault,/channel/transfer,SUCCESS,normal
2025-04-07 10:11:12+00:00,wakanda,/channel/transfer,SUCCESS,normal
2025-04-07 10:03:45+00:00,phdefault,/channel/transfer,SUCCESS,normal
2025-04-07 10:07:32+00:00,wakanda,/channel/transfer,SUCCESS,normal
2025-04-07 10:07:34+00:00,jupiter,/channel/transfer,SUCCESS,normal
2025-04-07 10:03:48+00:00,wakanda,/channel/transfer,ERROR,normal
2025-04-07 10:11:27+00:00,phdefault,/channel/transfer,ERROR,normal
2025-04-07 10:11:30+00:00,venus,/channel/transfer,SUCCESS,normal
2025-04-07 10:03:51+00:00,venus,/channel/transfer,SUCCESS,normal
2025-04-07 10:07:44+00:00,jupiter,/channel/transfer,SUCCESS,normal
2025-04-07 10:07:46+00:00,phdefault,/channel/transfer,SUCCESS,normal
2025-04-07 10:03:54+00:00,phdefault,/channel/transfer,TIMEOUT,normal
2025-04-07 10:11:45+00:00,wakanda,/channel/transfer,SUCCESS,normal
2025-04-07 10:07:52+00:00,venus,/channel/transfer,FORBIDDEN,anomaly
2025-04-07 10:03:57+00:00,phdefault,/channel/transfer,SUCCESS,normal
2025-04-07 10:03:58+00:00,wakanda,/channel/transfer,SUCCESS,normal
2025-04-07 10:03:59+00:00,venus,/channel/transfer,ERROR,normal
2025-04-07 10:04:00+00:00,gorilla,/channel/transfer,SUCCESS,normal
2025-04-07 10:12:03+00:00,rhino,/channel/transfer,SUCCESS,normal
2025-04-07 10:12:06+00:00,phdefault,/channel/transfer,ERROR,normal
2025-04-07 10:08:06+00:00,phdefault,/channel/transfer,SUCCESS,normal
2025-04-07 10:08:08+00:00,venus,/channel/transfer,SUCCESS,normal
2025-04-07 10:08:10+00:00,rhino,/channel/transfer,ERROR,normal
2025-04-07 10:12:18+00:00,pluto,/channel/transfer,TIMEOUT,normal
2025-04-07 10:08:14+00:00,wakanda,/channel/transfer,SUCCESS,normal
2025-04-07 10:08:16+00:00,jupiter,/channel/transfer,SUCCESS,normal
2025-04-07 10:12:27+00:00,wakanda,/channel/transfer,SUCCESS,normal
2025-04-07 10:08:20+00:00,gorilla,/channel/transfer,SUCCESS,normal
2025-04-07 10:04:11+00:00,rhino,/channel/transfer,GATEWAY_TIMEOUT,normal
2025-04-07 10:04:12+00:00,gorilla,/channel/transfer,SUCCESS,normal
2025-04-07 10:12:39+00:00,jupiter,/channel/transfer,SUCCESS,normal
2025-04-07 10:12:42+00:00,jupiter,/channel/transfer,ERROR,normal
2025-04-07 10:12:45+00:00,pluto,/channel/transfer,SUCCESS,normal
2025-04-07 10:04:16+00:00,venus,/channel/transfer,SUCCESS,normal
2025-04-07 10:12:51+00:00,jupiter,/channel/transfer,ERROR,normal
2025-04-07 10:08:36+00:00,wakanda,/channel/transfer,ERROR,normal
2025-04-07 10:12:57+00:00,phdefault,/channel/transfer,SUCCESS,normal
2025-04-07 10:04:20+00:00,venus,/channel/transfer,TIMEOUT,normal
2025-04-07 10:13:03+00:00,rhino,/channel/transfer,TIMEOUT,normal
2025-04-07 10:13:06+00:00,gorilla,/channel/transfer,SUCCESS,normal
2025-04-07 10:08:46+00:00,phdefault,/channel/transfer,SUCCESS,normal
2025-04-07 10:08:48+00:00,phdefault,/channel/transfer,ERROR,normal
2025-04-07 10:13:15+00:00,jupiter,/channel/transfer,SUCCESS,normal
2025-04-07 10:04:26+00:00,venus,/channel/transfer,SUCCESS,normal
2025-04-07 10:13:21+00:00,pluto,/channel/transfer,SUCCESS,normal
2025-04-07 10:08:56+00:00,phdefault,/channel/transfer,SUCCESS,normal
2025-04-07 10:04:29+00:00,pluto,/channel/transfer,ERROR,normal
2025-04-07 10:04:30+00:00,jupiter,/channel/transfer,SUCCESS,normal
2025-04-07 10:04:31+00:00,pluto,/channel/transfer,SUCCESS,normal
2025-04-07 10:04:32+00:00,pluto,/channel/transfer,ERROR,normal
2025-04-07 10:09:06+00:00,gorilla,/channel/transfer,FORBIDDEN,anomaly
2025-04-07 10:04:34+00:00,gorilla,/channel/transfer,SUCCESS,normal
2025-04-07 10:04:35+00:00,phdefault,/channel/transfer,SUCCESS,normal
2025-04-07 10:04:36+00:00,rhino,/channel/transfer,SUCCESS,normal
2025-04-07 10:13:51+00:00,gorilla,/channel/transfer,GATEWAY_TIMEOUT,normal
2025-04-07 10:04:38+00:00,rhino,/channel/transfer,ERROR,normal
2025-04-07 10:09:18+00:00,wakanda,/channel/transfer,SUCCESS,normal
2025-04-07 10:09:20+00:00,phdefault,/channel/transfer,ERROR,normal
2025-04-07 10:04:41+00:00,rhino,/channel/transfer,SUCCESS,normal
2025-04-07 10:09:24+00:00,pluto,/channel/transfer,SUCCESS,normal
2025-04-07 10:09:26+00:00,gorilla,/channel/transfer,ERROR,normal
2025-04-07 10:14:12+00:00,wakanda,/channel/transfer,ERROR,normal
2025-04-07 10:09:30+00:00,venus,/channel/transfer,SUCCESS,normal
2025-04-07 10:14:18+00:00,phdefault,/channel/transfer,TIMEOUT,normal
2025-04-07 10:14:21+00:00,venus,/channel/transfer,SUCCESS,normal
2025-04-07 10:09:36+00:00,phdefault,/channel/transfer,ERROR,normal
2025-04-07 10:04:49+00:00,jupiter,/channel/transfer,SUCCESS,normal
2025-04-07 10:14:30+00:00,gorilla,/channel/transfer,GATEWAY_TIMEOUT,normal
2025-04-07 10:04:51+00:00,gorilla,/channel/transfer,SUCCESS,normal
2025-04-07 10:14:36+00:00,rhino,/channel/transfer,SUCCESS,normal
2025-04-07 10:09:46+00:00,rhino,/channel/transfer,SUCCESS,normal
2025-04-07 10:04:54+00:00,venus,/channel/transfer,ERROR,normal
2025-04-07 10:09:50+00:00,rhino,/channel/transfer,GATEWAY_TIMEOUT,normal
2025-04-07 10:04:56+00:00,jupiter,/channel/transfer,SUCCESS,normal
2025-04-07 10:09:54+00:00,wakanda,/channel/transfer,ERROR,normal
2025-04-07 10:04:58+00:00,pluto,/channel/transfer,SUCCESS,normal
2025-04-07 10:04:59+00:00,pluto,/channel/transfer,TIMEOUT,normal
2025-04-07 10:10:00+00:00,rhino,/channel/transfer,SUCCESS,normal
2025-04-07 10:05:01+00:00,wakanda,/channel/transfer,TIMEOUT,normal
2025-04-07 10:10:04+00:00,phdefault,/channel/transfer,ERROR,normal
2025-04-07 10:10:06+00:00,venus,/channel/transfer,FORBIDDEN,anomaly
2025-04-07 10:10:08+00:00,venus,/channel/transfer,SUCCESS,normal
2025-04-07 10:10:10+00:00,jupiter,/channel/transfer,SUCCESS,normal
2025-04-07 10:10:12+00:00,wakanda,/channel/transfer,SUCCESS,normal
2025-04-07 10:05:07+00:00,venus,/channel/transfer,SUCCESS,normal
2025-04-07 10:10:16+00:00,pluto,/channel/transfer,TIMEOUT,normal
2025-04-07 10:05:09+00:00,phdefault,/channel/transfer,TIMEOUT,normal
2025-04-07 10:15:30+00:00,gorilla,/channel/transfer,TIMEOUT,normal
2025-04-07 10:05:11+00:00,wakanda,/channel/transfer,FORBIDDEN,anomaly
2025-04-07 10:05:12+00:00,jupiter,/channel/transfer,SUCCESS,normal
2025-04-07 10:15:39+00:00,phdefault,/channel/transfer,SUCCESS,normal
2025-04-07 10:05:14+00:00,gorilla,/channel/transfer,SUCCESS,normal
2025-04-07 10:05:15+00:00,venus,/channel/transfer,SUCCESS,normal
2025-04-07 10:10:32+00:00,jupiter,/channel/transfer,SUCCESS,normal
2025-04-07 10:15:51+00:00,rhino,/channel/transfer,ERROR,normal
2025-04-07 10:15:54+00:00,wakanda,/channel/transfer,SUCCESS,normal
2025-04-07 10:05:19+00:00,rhino,/channel/transfer,SUCCESS,normal
2025-04-07 10:10:40+00:00,phdefault,/channel/transfer,SUCCESS,normal
2025-04-07 10:05:21+00:00,venus,/channel/transfer,SUCCESS,normal
2025-04-07 10:16:06+00:00,wakanda,/channel/transfer,ERROR,normal
2025-04-07 10:05:23+00:00,wakanda,/channel/transfer,FORBIDDEN,anomaly
2025-04-07 10:16:12+00:00,pluto,/channel/transfer,SUCCESS,normal
2025-04-07 10:05:25+00:00,rhino,/channel/transfer,ERROR,normal
2025-04-07 10:10:52+00:00,gorilla,/channel/transfer,ERROR,normal
2025-04-07 10:05:27+00:00,wakanda,/channel/transfer,ERROR,normal
2025-04-07 10:10:56+00:00,rhino,/channel/transfer,SUCCESS,normal
2025-04-07 10:16:27+00:00,venus,/channel/transfer,SUCCESS,normal
2025-04-07 10:05:30+00:00,gorilla,/channel/transfer,SUCCESS,normal
2025-04-07 10:11:02+00:00,jupiter,/channel/transfer,SUCCESS,normal
2025-04-07 10:11:04+00:00,pluto,/channel/transfer,SUCCESS,normal
2025-04-07 10:16:39+00:00,wakanda,/channel/transfer,SUCCESS,normal
2025-04-07 10:11:08+00:00,venus,/channel/transfer,SUCCESS,normal
2025-04-07 10:05:35+00:00,venus,/channel/transfer,ERROR,normal
2025-04-07 10:05:36+00:00,wakanda,/channel/transfer,ERROR,normal
2025-04-07 10:05:37+00:00,wakanda,/channel/transfer,GATEWAY_TIMEOUT,normal
2025-04-07 10:05:38+00:00,jupiter,/channel/transfer,SUCCESS,normal
2025-04-07 10:11:18+00:00,pluto,/channel/transfer,SUCCESS,normal
2025-04-07 10:11:20+00:00,phdefault,/channel/transfer,SUCCESS,normal
2025-04-07 10:05:41+00:00,jupiter,/channel/transfer,SUCCESS,normal
2025-04-07 10:17:06+00:00,gorilla,/channel/transfer,SUCCESS,normal
2025-04-07 10:05:43+00:00,rhino,/channel/transfer,SUCCESS,normal
2025-04-07 10:05:44+00:00,rhino,/channel/transfer,ERROR,normal
2025-04-07 10:17:15+00:00,jupiter,/channel/transfer,SUCCESS,normal
2025-04-07 10:11:32+00:00,venus,/channel/transfer,SUCCESS,normal
2025-04-07 10:11:34+00:00,phdefault,/channel/transfer,TIMEOUT,normal
2025-04-07 10:05:48+00:00,venus,/channel/transfer,SUCCESS,normal
2025-04-07 10:17:27+00:00,gorilla,/channel/transfer,ERROR,normal
2025-04-07 10:05:50+00:00,gorilla,/channel/transfer,TIMEOUT,normal
2025-04-07 10:05:51+00:00,rhino,/channel/transfer,GATEWAY_TIMEOUT,normal
2025-04-07 10:17:36+00:00,gorilla,/channel/transfer,FORBIDDEN,anomaly
2025-04-07 10:17:39+00:00,jupiter,/channel/transfer,ERROR,normal
2025-04-07 10:05:54+00:00,jupiter,/channel/transfer,SUCCESS,normal
2025-04-07 10:05:55+00:00,venus,/channel/transfer,SUCCESS,normal
2025-04-07 10:05:56+00:00,rhino,/channel/transfer,SUCCESS,normal
2025-04-07 10:05:57+00:00,venus,/channel/transfer,TIMEOUT,normal
2025-04-07 10:17:54+00:00,wakanda,/channel/transfer,ERROR,normal
2025-04-07 10:17:57+00:00,wakanda,/channel/transfer,ERROR,normal
2025-04-07 10:18:00+00:00,pluto,/channel/transfer,ERROR,normal
2025-04-07 10:12:02+00:00,phdefault,/channel/transfer,SUCCESS,normal
2025-04-07 10:18:06+00:00,gorilla,/channel/transfer,SUCCESS,normal
2025-04-07 10:12:06+00:00,jupiter,/channel/transfer,SUCCESS,normal
2025-04-07 10:06:04+00:00,venus,/channel/transfer,TIMEOUT,normal
2025-04-07 10:12:10+00:00,wakanda,/channel/transfer,TIMEOUT,normal
2025-04-07 10:06:06+00:00,gorilla,/channel/transfer,SUCCESS,normal
2025-04-07 10:06:07+00:00,pluto,/channel/transfer,SUCCESS,normal
2025-04-07 10:18:24+00:00,wakanda,/channel/transfer,ERROR,normal
2025-04-07 10:18:27+00:00,jupiter,/channel/transfer,ERROR,normal
2025-04-07 10:12:20+00:00,venus,/channel/transfer,GATEWAY_TIMEOUT,normal
2025-04-07 10:18:33+00:00,pluto,/channel/transfer,SUCCESS,normal
2025-04-07 10:06:12+00:00,jupiter,/channel/transfer,SUCCESS,normal
2025-04-07 10:18:39+00:00,venus,/channel/transfer,TIMEOUT,normal
2025-04-07 10:06:14+00:00,rhino,/channel/transfer,TIMEOUT,normal
2025-04-07 10:06:15+00:00,rhino,/channel/transfer,SUCCESS,normal
2025-04-07 10:18:48+00:00,gorilla,/channel/transfer,SUCCESS,normal
2025-04-07 10:12:34+00:00,wakanda,/channel/transfer,GATEWAY_TIMEOUT,normal
2025-04-07 10:18:54+00:00,rhino,/channel/transfer,ERROR,normal
2025-04-07 10:06:19+00:00,wakanda,/channel/transfer,SUCCESS,normal
2025-04-07 10:06:20+00:00,venus,/channel/transfer,SUCCESS,normal
2025-04-07 10:19:03+00:00,jupiter,/channel/transfer,ERROR,normal
2025-04-07 10:19:06+00:00,pluto,/channel/transfer,FORBIDDEN,anomaly
2025-04-07 10:12:46+00:00,jupiter,/channel/transfer,SUCCESS,normal
2025-04-07 10:19:12+00:00,phdefault,/channel/transfer,SUCCESS,normal
2025-04-07 10:06:25+00:00,rhino,/channel/transfer,SUCCESS,normal
2025-04-07 10:06:26+00:00,phdefault,/channel/transfer,ERROR,normal
2025-04-07 10:12:54+00:00,jupiter,/channel/transfer,SUCCESS,normal
2025-04-07 10:06:28+00:00,phdefault,/channel/transfer,ERROR,normal
2025-04-07 10:19:27+00:00,gorilla,/channel/transfer,TIMEOUT,normal
2025-04-07 10:13:00+00:00,pluto,/channel/transfer,ERROR,normal
2025-04-07 10:06:31+00:00,phdefault,/channel/transfer,SUCCESS,normal
2025-04-07 10:19:36+00:00,gorilla,/channel/transfer,SUCCESS,normal
2025-04-07 10:19:39+00:00,phdefault,/channel/transfer,SUCCESS,normal
2025-04-07 10:19:42+00:00,rhino,/channel/transfer,FORBIDDEN,anomaly
2025-04-07 10:19:45+00:00,gorilla,/channel/transfer,SUCCESS,normal
2025-04-07 10:13:12+00:00,phdefault,/channel/transfer,FORBIDDEN,anomaly
2025-04-07 10:13:14+00:00,gorilla,/channel/transfer,GATEWAY_TIMEOUT,normal
2025-04-07 10:19:54+00:00,phdefault,/channel/transfer,ERROR,normal
2025-04-07 10:13:18+00:00,rhino,/channel/transfer,FORBIDDEN,anomaly
2025-04-07 10:20:00+00:00,rhino,/channel/transfer,GATEWAY_TIMEOUT,normal
2025-04-07 10:13:22+00:00,venus,/channel/transfer,ERROR,normal
2025-04-07 10:13:24+00:00,jupiter,/channel/transfer,ERROR,normal
2025-04-07 10:06:43+00:00,venus,/channel/transfer,ERROR,normal
2025-04-07 10:13:28+00:00,gorilla,/channel/transfer,SUCCESS,normal
2025-04-07 10:20:15+00:00,wakanda,/channel/transfer,ERROR,normal
2025-04-07 10:06:46+00:00,rhino,/channel/transfer,ERROR,normal
2025-04-07 10:06:47+00:00,pluto,/channel/transfer,SUCCESS,normal
2025-04-07 10:06:48+00:00,wakanda,/channel/transfer,SUCCESS,normal
2025-04-07 10:06:49+00:00,pluto,/channel/transfer,TIMEOUT,normal
2025-04-07 10:13:40+00:00,wakanda,/channel/transfer,SUCCESS,normal
2025-04-07 10:13:42+00:00,phdefault,/channel/transfer,SUCCESS,normal
2025-04-07 10:06:52+00:00,gorilla,/channel/transfer,SUCCESS,normal
2025-04-07 10:13:46+00:00,gorilla,/channel/transfer,ERROR,normal
2025-04-07 10:20:42+00:00,gorilla,/channel/transfer,TIMEOUT,normal
2025-04-07 10:13:50+00:00,rhino,/channel/transfer,TIMEOUT,normal
2025-04-07 10:06:56+00:00,venus,/channel/transfer,ERROR,normal
2025-04-07 10:20:51+00:00,phdefault,/channel/transfer,FORBIDDEN,anomaly
2025-04-07 10:06:58+00:00,venus,/channel/transfer,SUCCESS,normal
2025-04-07 10:13:58+00:00,pluto,/channel/transfer,SUCCESS,normal
2025-04-07 10:07:00+00:00,pluto,/channel/transfer,SUCCESS,normal
2025-04-07 10:14:02+00:00,phdefault,/channel/transfer,ERROR,normal
2025-04-07 10:07:02+00:00,jupiter,/channel/transfer,SUCCESS,normal
2025-04-07 10:07:03+00:00,pluto,/channel/transfer,ERROR,normal
2025-04-07 10:14:08+00:00,jupiter,/channel/transfer,ERROR,normal
2025-04-07 10:14:10+00:00,venus,/channel/transfer,TIMEOUT,normal
2025-04-07 10:07:06+00:00,rhino,/channel/transfer,GATEWAY_TIMEOUT,normal
2025-04-07 10:14:14+00:00,wakanda,/channel/transfer,ERROR,normal
2025-04-07 10:14:16+00:00,wakanda,/channel/transfer,SUCCESS,normal
2025-04-07 10:07:09+00:00,jupiter,/channel/transfer,SUCCESS,normal
2025-04-07 10:14:20+00:00,phdefault,/channel/transfer,SUCCESS,normal
2025-04-07 10:21:33+00:00,pluto,/channel/transfer,ERROR,normal
2025-04-07 10:07:12+00:00,pluto,/channel/transfer,TIMEOUT,normal
2025-04-07 10:07:13+00:00,jupiter,/channel/transfer,ERROR,normal
2025-04-07 10:21:42+00:00,rhino,/channel/transfer,ERROR,normal
2025-04-07 10:14:30+00:00,pluto,/channel/transfer,SUCCESS,normal
2025-04-07 10:07:16+00:00,venus,/channel/transfer,SUCCESS,normal
2025-04-07 10:07:17+00:00,gorilla,/channel/transfer,SUCCESS,normal
2025-04-07 10:14:36+00:00,rhino,/channel/transfer,ERROR,normal
2025-04-07 10:14:38+00:00,phdefault,/channel/transfer,SUCCESS,normal
2025-04-07 10:07:20+00:00,wakanda,/channel/transfer,SUCCESS,normal
2025-04-07 10:22:03+00:00,jupiter,/channel/transfer,TIMEOUT,normal
2025-04-07 10:14:44+00:00,gorilla,/channel/transfer,SUCCESS,normal
2025-04-07 10:14:46+00:00,wakanda,/channel/transfer,SUCCESS,normal
2025-04-07 10:07:24+00:00,venus,/channel/transfer,TIMEOUT,normal
2025-04-07 10:07:25+00:00,wakanda,/channel/transfer,SUCCESS,normal
2025-04-07 10:22:18+00:00,jupiter,/channel/transfer,ERROR,normal
2025-04-07 10:22:21+00:00,gorilla,/channel/transfer,SUCCESS,normal
2025-04-07 10:14:56+00:00,gorilla,/channel/transfer,ERROR,normal
2025-04-07 10:14:58+00:00,venus,/channel/transfer,SUCCESS,normal
2025-04-07 10:15:00+00:00,jupiter,/channel/transfer,SUCCESS,normal
2025-04-07 10:22:33+00:00,wakanda,/channel/transfer,SUCCESS,normal
2025-04-07 10:15:04+00:00,rhino,/channel/transfer,ERROR,normal
2025-04-07 10:15:06+00:00,rhino,/channel/transfer,ERROR,normal
2025-04-07 10:22:42+00:00,gorilla,/channel/transfer,FORBIDDEN,anomaly
2025-04-07 10:15:10+00:00,rhino,/channel/transfer,ERROR,normal
2025-04-07 10:22:48+00:00,venus,/channel/transfer,SUCCESS,normal
2025-04-07 10:22:51+00:00,jupiter,/channel/transfer,ERROR,normal
2025-04-07 10:22:54+00:00,phdefault,/channel/transfer,SUCCESS,normal
2025-04-07 10:15:18+00:00,phdefault,/channel/transfer,SUCCESS,normal
2025-04-07 10:07:40+00:00,phdefault,/channel/transfer,TIMEOUT,normal
2025-04-07 10:07:41+00:00,phdefault,/channel/transfer,ERROR,normal
2025-04-07 10:15:24+00:00,gorilla,/channel/transfer,SUCCESS,normal
2025-04-07 10:23:09+00:00,wakanda,/channel/transfer,ERROR,normal
2025-04-07 10:23:12+00:00,venus,/channel/transfer,TIMEOUT,normal
2025-04-07 10:07:45+00:00,wakanda,/channel/transfer,SUCCESS,normal
2025-04-07 10:23:18+00:00,venus,/channel/transfer,SUCCESS,normal
2025-04-07 10:23:21+00:00,phdefault,/channel/transfer,ERROR,normal
2025-04-07 10:07:48+00:00,jupiter,/channel/transfer,SUCCESS,normal
2025-04-07 10:15:38+00:00,rhino,/channel/transfer,SUCCESS,normal
2025-04-07 10:15:40+00:00,pluto,/channel/transfer,ERROR,normal
2025-04-07 10:15:42+00:00,gorilla,/channel/transfer,SUCCESS,normal
2025-04-07 10:15:44+00:00,pluto,/channel/transfer,SUCCESS,normal
2025-04-07 10:07:53+00:00,pluto,/channel/transfer,SUCCESS,normal
2025-04-07 10:07:54+00:00,wakanda,/channel/transfer,TIMEOUT,normal
2025-04-07 10:07:55+00:00,venus,/channel/transfer,ERROR,normal
2025-04-07 10:15:52+00:00,gorilla,/channel/transfer,SUCCESS,normal
2025-04-07 10:07:57+00:00,wakanda,/channel/transfer,GATEWAY_TIMEOUT,normal
2025-04-07 10:07:58+00:00,wakanda,/channel/transfer,SUCCESS,normal
2025-04-07 10:07:59+00:00,wakanda,/channel/transfer,ERROR,normal
2025-04-07 10:16:00+00:00,venus,/channel/transfer,SUCCESS,normal
2025-04-07 10:08:01+00:00,venus,/channel/transfer,SUCCESS,normal
2025-04-07 10:08:02+00:00,phdefault,/channel/transfer,ERROR,normal
2025-04-07 10:08:03+00:00,wakanda,/channel/transfer,SUCCESS,normal
2025-04-07 10:08:04+00:00,rhino,/channel/transfer,SUCCESS,normal
2025-04-07 10:08:05+00:00,venus,/channel/transfer,SUCCESS,normal
2025-04-07 10:16:12+00:00,phdefault,/channel/transfer,SUCCESS,normal
2025-04-07 10:24:21+00:00,wakanda,/channel/transfer,ERROR,normal
2025-04-07 10:08:08+00:00,wakanda,/channel/transfer,SUCCESS,normal
2025-04-07 10:24:27+00:00,gorilla,/channel/transfer,ERROR,normal
2025-04-07 10:08:10+00:00,phdefault,/channel/transfer,SUCCESS,normal
2025-04-07 10:08:11+00:00,gorilla,/channel/transfer,SUCCESS,normal
2025-04-07 10:24:36+00:00,gorilla,/channel/transfer,SUCCESS,normal
2025-04-07 10:08:13+00:00,rhino,/channel/transfer,TIMEOUT,normal
2025-04-07 10:08:14+00:00,phdefault,/channel/transfer,GATEWAY_TIMEOUT,normal
2025-04-07 10:24:45+00:00,jupiter,/channel/transfer,FORBIDDEN,anomaly
2025-04-07 10:24:48+00:00,wakanda,/channel/transfer,SUCCESS,normal
2025-04-07 10:24:51+00:00,jupiter,/channel/transfer,SUCCESS,normal
2025-04-07 10:08:18+00:00,pluto,/channel/transfer,SUCCESS,normal
2025-04-07 10:24:57+00:00,pluto,/channel/transfer,SUCCESS,normal
2025-04-07 10:08:20+00:00,venus,/channel/transfer,ERROR,normal
2025-04-07 10:16:42+00:00,jupiter,/channel/transfer,TIMEOUT,normal
2025-04-07 10:25:06+00:00,jupiter,/channel/transfer,FORBIDDEN,anomaly
2025-04-07 10:16:46+00:00,venus,/channel/transfer,SUCCESS,normal
2025-04-07 10:25:12+00:00,gorilla,/channel/transfer,ERROR,normal
2025-04-07 10:08:25+00:00,venus,/channel/transfer,SUCCESS,normal
2025-04-07 10:16:52+00:00,venus,/channel/transfer,SUCCESS,normal
2025-04-07 10:08:27+00:00,wakanda,/channel/transfer,SUCCESS,normal
2025-04-07 10:16:56+00:00,gorilla,/channel/transfer,SUCCESS,normal
2025-04-07 10:16:58+00:00,gorilla,/channel/transfer,ERROR,normal
2025-04-07 10:25:30+00:00,rhino,/channel/transfer,SUCCESS,normal
2025-04-07 10:25:33+00:00,venus,/channel/transfer,SUCCESS,normal
2025-04-07 10:25:36+00:00,venus,/channel/transfer,SUCCESS,normal
2025-04-07 10:25:39+00:00,wakanda,/channel/transfer,SUCCESS,normal
2025-04-07 10:25:42+00:00,jupiter,/channel/transfer,ERROR,normal
2025-04-07 10:08:35+00:00,venus,/channel/transfer,TIMEOUT,normal
2025-04-07 10:08:36+00:00,pluto,/channel/transfer,ERROR,normal
2025-04-07 10:08:37+00:00,pluto,/channel/transfer,SUCCESS,normal
2025-04-07 10:25:54+00:00,rhino,/channel/transfer,TIMEOUT,normal
2025-04-07 10:25:57+00:00,jupiter,/channel/transfer,SUCCESS,normal
2025-04-07 10:17:20+00:00,jupiter,/channel/transfer,SUCCESS,normal
2025-04-07 10:26:03+00:00,jupiter,/channel/transfer,GATEWAY_TIMEOUT,normal
2025-04-07 10:17:24+00:00,phdefault,/channel/transfer,TIMEOUT,normal
2025-04-07 10:08:43+00:00,rhino,/channel/transfer,SUCCESS,normal
2025-04-07 10:17:28+00:00,jupiter,/channel/transfer,SUCCESS,normal
2025-04-07 10:17:30+00:00,venus,/channel/transfer,ERROR,normal
2025-04-07 10:26:18+00:00,phdefault,/channel/transfer,FORBIDDEN,anomaly
2025-04-07 10:08:47+00:00,venus,/channel/transfer,SUCCESS,normal
2025-04-07 10:17:36+00:00,pluto,/channel/transfer,ERROR,normal
2025-04-07 10:26:27+00:00,jupiter,/channel/transfer,SUCCESS,normal
2025-04-07 10:17:40+00:00,pluto,/channel/transfer,SUCCESS,normal
2025-04-07 10:08:51+00:00,gorilla,/channel/transfer,ERROR,normal
2025-04-07 10:17:44+00:00,phdefault,/channel/transfer,SUCCESS,normal
2025-04-07 10:08:53+00:00,gorilla,/channel/transfer,SUCCESS,normal
2025-04-07 10:17:48+00:00,venus,/channel/transfer,SUCCESS,normal
2025-04-07 10:26:45+00:00,phdefault,/channel/transfer,ERROR,normal
2025-04-07 10:26:48+00:00,jupiter,/channel/transfer,SUCCESS,normal
2025-04-07 10:17:54+00:00,phdefault,/channel/transfer,SUCCESS,normal
2025-04-07 10:08:58+00:00,venus,/channel/transfer,SUCCESS,normal
2025-04-07 10:08:59+00:00,jupiter,/channel/transfer,TIMEOUT,normal
2025-04-07 10:18:00+00:00,gorilla,/channel/transfer,TIMEOUT,normal
2025-04-07 10:27:03+00:00,pluto,/channel/transfer,ERROR,normal
2025-04-07 10:18:04+00:00,jupiter,/channel/transfer,SUCCESS,normal
2025-04-07 10:18:06+00:00,wakanda,/channel/transfer,SUCCESS,normal
2025-04-07 10:18:08+00:00,wakanda,/channel/transfer,SUCCESS,normal
2025-04-07 10:09:05+00:00,wakanda,/channel/transfer,GATEWAY_TIMEOUT,normal
2025-04-07 10:18:12+00:00,gorilla,/channel/transfer,ERROR,normal
2025-04-07 10:09:07+00:00,phdefault,/channel/transfer,GATEWAY_TIMEOUT,normal
2025-04-07 10:18:16+00:00,pluto,/channel/transfer,SUCCESS,normal
2025-04-07 10:18:18+00:00,wakanda,/channel/transfer,SUCCESS,normal
2025-04-07 10:09:10+00:00,jupiter,/channel/transfer,SUCCESS,normal
2025-04-07 10:27:33+00:00,pluto,/channel/transfer,SUCCESS,normal
2025-04-07 10:09:12+00:00,pluto,/channel/transfer,SUCCESS,normal
2025-04-07 10:27:39+00:00,pluto,/channel/transfer,GATEWAY_TIMEOUT,normal
2025-04-07 10:18:28+00:00,gorilla,/channel/transfer,SUCCESS,normal
2025-04-07 10:09:15+00:00,gorilla,/channel/transfer,TIMEOUT,normal
2025-04-07 10:27:48+00:00,pluto,/channel/transfer,ERROR,normal
2025-04-07 10:09:17+00:00,venus,/channel/transfer,ERROR,normal
2025-04-07 10:09:18+00:00,gorilla,/channel/transfer,SUCCESS,normal
2025-04-07 10:27:57+00:00,venus,/channel/transfer,FORBIDDEN,anomaly
2025-04-07 10:28:00+00:00,wakanda,/channel/transfer,SUCCESS,normal
2025-04-07 10:28:03+00:00,phdefault,/channel/transfer,ERROR,normal
2025-04-07 10:18:44+00:00,rhino,/channel/transfer,FORBIDDEN,anomaly
2025-04-07 10:28:09+00:00,wakanda,/channel/transfer,SUCCESS,normal
2025-04-07 10:28:12+00:00,pluto,/channel/transfer,ERROR,normal
2025-04-07 10:09:25+00:00,pluto,/channel/transfer,SUCCESS,normal
2025-04-07 10:09:26+00:00,phdefault,/channel/transfer,SUCCESS,normal
2025-04-07 10:09:27+00:00,venus,/channel/transfer,GATEWAY_TIMEOUT,normal
2025-04-07 10:28:24+00:00,jupiter,/channel/transfer,ERROR,normal
2025-04-07 10:18:58+00:00,rhino,/channel/transfer,SUCCESS,normal
2025-04-07 10:09:30+00:00,phdefault,/channel/transfer,GATEWAY_TIMEOUT,normal
2025-04-07 10:09:31+00:00,pluto,/channel/transfer,SUCCESS,normal
2025-04-07 10:19:04+00:00,pluto,/channel/transfer,ERROR,normal
2025-04-07 10:28:39+00:00,gorilla,/channel/transfer,TIMEOUT,normal
2025-04-07 10:09:34+00:00,gorilla,/channel/transfer,ERROR,normal
2025-04-07 10:28:45+00:00,pluto,/channel/transfer,SUCCESS,normal
2025-04-07 10:28:48+00:00,venus,/channel/transfer,TIMEOUT,normal
2025-04-07 10:28:51+00:00,phdefault,/channel/transfer,SUCCESS,normal
2025-04-07 10:09:38+00:00,jupiter,/channel/transfer,SUCCESS,normal
2025-04-07 10:19:18+00:00,venus,/channel/transfer,ERROR,normal
2025-04-07 10:29:00+00:00,gorilla,/channel/transfer,SUCCESS,normal
2025-04-07 10:19:22+00:00,wakanda,/channel/transfer,SUCCESS,normal
2025-04-07 10:09:42+00:00,gorilla,/channel/transfer,SUCCESS,normal
2025-04-07 10:09:43+00:00,wakanda,/channel/transfer,SUCCESS,normal
2025-04-07 10:09:44+00:00,jupiter,/channel/transfer,SUCCESS,normal
2025-04-07 10:19:30+00:00,phdefault,/channel/transfer,SUCCESS,normal
2025-04-07 10:09:46+00:00,jupiter,/channel/transfer,TIMEOUT,normal
2025-04-07 10:09:47+00:00,phdefault,/channel/transfer,GATEWAY_TIMEOUT,normal
2025-04-07 10:09:48+00:00,wakanda,/channel/transfer,GATEWAY_TIMEOUT,normal
2025-04-07 10:29:27+00:00,gorilla,/channel/transfer,SUCCESS,normal
2025-04-07 10:29:30+00:00,phdefault,/channel/transfer,GATEWAY_TIMEOUT,normal
2025-04-07 10:29:33+00:00,wakanda,/channel/transfer,GATEWAY_TIMEOUT,normal
2025-04-07 10:19:44+00:00,rhino,/channel/transfer,TIMEOUT,normal
2025-04-07 10:19:46+00:00,rhino,/channel/transfer,SUCCESS,normal
2025-04-07 10:19:48+00:00,pluto,/channel/transfer,SUCCESS,normal
2025-04-07 10:29:45+00:00,gorilla,/channel/transfer,TIMEOUT,normal
2025-04-07 10:19:52+00:00,gorilla,/channel/transfer,SUCCESS,normal
2025-04-07 10:09:57+00:00,gorilla,/channel/transfer,SUCCESS,normal
2025-04-07 10:29:54+00:00,gorilla,/channel/transfer,SUCCESS,normal
2025-04-07 10:19:58+00:00,venus,/channel/transfer,ERROR,normal
2025-04-07 10:20:00+00:00,phdefault,/channel/transfer,SUCCESS,normal
2025-04-07 10:10:01+00:00,rhino,/channel/transfer,SUCCESS,normal
2025-04-07 10:30:06+00:00,rhino,/channel/transfer,SUCCESS,normal
2025-04-07 10:20:06+00:00,phdefault,/channel/transfer,TIMEOUT,normal
2025-04-07 10:30:12+00:00,venus,/channel/transfer,ERROR,normal
2025-04-07 10:20:10+00:00,pluto,/channel/transfer,SUCCESS,normal
2025-04-07 10:10:06+00:00,jupiter,/channel/transfer,SUCCESS,normal
2025-04-07 10:10:07+00:00,jupiter,/channel/transfer,SUCCESS,normal
2025-04-07 10:30:24+00:00,venus,/channel/transfer,SUCCESS,normal
2025-04-07 10:20:18+00:00,rhino,/channel/transfer,SUCCESS,normal
2025-04-07 10:30:30+00:00,gorilla,/channel/transfer,SUCCESS,normal
2025-04-07 10:10:11+00:00,venus,/channel/transfer,ERROR,normal
2025-04-07 10:10:12+00:00,gorilla,/channel/transfer,FORBIDDEN,normal
2025-04-07 10:10:13+00:00,gorilla,/channel/transfer,ERROR,normal
2025-04-07 10:30:42+00:00,rhino,/channel/transfer,FORBIDDEN,anomaly
2025-04-07 10:20:30+00:00,phdefault,/channel/transfer,ERROR,normal
2025-04-07 10:20:32+00:00,rhino,/channel/transfer,SUCCESS,normal
2025-04-07 10:10:17+00:00,pluto,/channel/transfer,SUCCESS,normal
2025-04-07 10:10:18+00:00,rhino,/channel/transfer,SUCCESS,normal
2025-04-07 10:10:19+00:00,gorilla,/channel/transfer,FORBIDDEN,normal
2025-04-07 10:31:00+00:00,phdefault,/channel/transfer,SUCCESS,normal
2025-04-07 10:10:21+00:00,wakanda,/channel/transfer,GATEWAY_TIMEOUT,normal
2025-04-07 10:10:22+00:00,wakanda,/channel/transfer,FORBIDDEN,anomaly
2025-04-07 10:31:09+00:00,pluto,/channel/transfer,SUCCESS,normal
2025-04-07 10:20:48+00:00,rhino,/channel/transfer,SUCCESS,normal
2025-04-07 10:31:15+00:00,phdefault,/channel/transfer,GATEWAY_TIMEOUT,anomaly
2025-04-07 10:10:26+00:00,gorilla,/channel/transfer,SUCCESS,normal
2025-04-07 10:31:21+00:00,wakanda,/channel/transfer,ERROR,normal
2025-04-07 10:31:24+00:00,venus,/channel/transfer,ERROR,normal
2025-04-07 10:10:29+00:00,pluto,/channel/transfer,SUCCESS,normal
2025-04-07 10:10:30+00:00,phdefault,/channel/transfer,SUCCESS,normal
2025-04-07 10:21:02+00:00,phdefault,/channel/transfer,SUCCESS,normal
2025-04-07 10:21:04+00:00,venus,/channel/transfer,ERROR,normal
2025-04-07 10:21:06+00:00,pluto,/channel/transfer,GATEWAY_TIMEOUT,normal
2025-04-07 10:31:42+00:00,wakanda,/channel/transfer,SUCCESS,normal
2025-04-07 10:10:35+00:00,phdefault,/channel/transfer,SUCCESS,normal
2025-04-07 10:31:48+00:00,wakanda,/channel/transfer,SUCCESS,normal
2025-04-07 10:10:37+00:00,phdefault,/channel/transfer,SUCCESS,normal
2025-04-07 10:10:38+00:00,phdefault,/channel/transfer,SUCCESS,normal
2025-04-07 10:31:57+00:00,venus,/channel/transfer,ERROR,normal
2025-04-07 10:32:00+00:00,pluto,/channel/transfer,ERROR,normal
2025-04-07 10:21:22+00:00,wakanda,/channel/transfer,TIMEOUT,normal
2025-04-07 10:32:06+00:00,gorilla,/channel/transfer,SUCCESS,normal
2025-04-07 10:10:43+00:00,pluto,/channel/transfer,SUCCESS,normal
2025-04-07 10:21:28+00:00,phdefault,/channel/transfer,ERROR,normal
2025-04-07 10:21:30+00:00,pluto,/channel/transfer,FORBIDDEN,anomaly
2025-04-07 10:32:18+00:00,gorilla,/channel/transfer,TIMEOUT,normal
2025-04-07 10:10:47+00:00,wakanda,/channel/transfer,SUCCESS,normal
2025-04-07 10:21:36+00:00,jupiter,/channel/transfer,SUCCESS,normal
2025-04-07 10:32:27+00:00,wakanda,/channel/transfer,GATEWAY_TIMEOUT,normal
2025-04-07 10:21:40+00:00,phdefault,/channel/transfer,TIMEOUT,normal
2025-04-07 10:21:42+00:00,rhino,/channel/transfer,SUCCESS,normal
2025-04-07 10:21:44+00:00,pluto,/channel/transfer,ERROR,normal
2025-04-07 10:10:53+00:00,phdefault,/channel/transfer,SUCCESS,normal
2025-04-07 10:10:54+00:00,wakanda,/channel/transfer,SUCCESS,normal
2025-04-07 10:32:45+00:00,gorilla,/channel/transfer,SUCCESS,normal
2025-04-07 10:10:56+00:00,wakanda,/channel/transfer,GATEWAY_TIMEOUT,normal
2025-04-07 10:21:54+00:00,wakanda,/channel/transfer,SUCCESS,normal
2025-04-07 10:10:58+00:00,gorilla,/channel/transfer,SUCCESS,normal
2025-04-07 10:10:59+00:00,phdefault,/channel/transfer,SUCCESS,normal
2025-04-07 10:22:00+00:00,gorilla,/channel/transfer,SUCCESS,normal
2025-04-07 10:11:01+00:00,venus,/channel/transfer,SUCCESS,normal
2025-04-07 10:11:02+00:00,venus,/channel/transfer,SUCCESS,normal
2025-04-07 10:11:03+00:00,pluto,/channel/transfer,GATEWAY_TIMEOUT,normal
2025-04-07 10:22:08+00:00,pluto,/channel/transfer,SUCCESS,normal
2025-04-07 10:11:05+00:00,jupiter,/channel/transfer,SUCCESS,normal
2025-04-07 10:11:06+00:00,phdefault,/channel/transfer,SUCCESS,normal
2025-04-07 10:33:21+00:00,gorilla,/channel/transfer,SUCCESS,normal
2025-04-07 10:22:16+00:00,wakanda,/channel/transfer,SUCCESS,normal
2025-04-07 10:11:09+00:00,pluto,/channel/transfer,ERROR,normal
2025-04-07 10:33:30+00:00,gorilla,/channel/transfer,SUCCESS,normal
2025-04-07 10:11:11+00:00,venus,/channel/transfer,SUCCESS,normal
2025-04-07 10:11:12+00:00,venus,/channel/transfer,ERROR,normal
2025-04-07 10:22:26+00:00,pluto,/channel/transfer,SUCCESS,normal
2025-04-07 10:33:42+00:00,pluto,/channel/transfer,SUCCESS,normal
2025-04-07 10:22:30+00:00,pluto,/channel/transfer,SUCCESS,normal
2025-04-07 10:22:32+00:00,jupiter,/channel/transfer,ERROR,normal
2025-04-07 10:33:51+00:00,jupiter,/channel/transfer,ERROR,normal
2025-04-07 10:22:36+00:00,wakanda,/channel/transfer,SUCCESS,normal
2025-04-07 10:11:19+00:00,wakanda,/channel/transfer,SUCCESS,normal
2025-04-07 10:22:40+00:00,venus,/channel/transfer,FORBIDDEN,anomaly
2025-04-07 10:11:21+00:00,jupiter,/channel/transfer,SUCCESS,normal
2025-04-07 10:11:22+00:00,jupiter,/channel/transfer,SUCCESS,normal
2025-04-07 10:34:09+00:00,pluto,/channel/transfer,SUCCESS,normal
2025-04-07 10:22:48+00:00,gorilla,/channel/transfer,SUCCESS,normal
2025-04-07 10:11:25+00:00,rhino,/channel/transfer,ERROR,normal
2025-04-07 10:34:18+00:00,gorilla,/channel/transfer,SUCCESS,normal
2025-04-07 10:34:21+00:00,jupiter,/channel/transfer,SUCCESS,normal
2025-04-07 10:22:56+00:00,wakanda,/channel/transfer,SUCCESS,normal
2025-04-07 10:11:29+00:00,phdefault,/channel/transfer,ERROR,normal
2025-04-07 10:23:00+00:00,jupiter,/channel/transfer,SUCCESS,normal
2025-04-07 10:34:33+00:00,pluto,/channel/transfer,SUCCESS,normal
2025-04-07 10:23:04+00:00,jupiter,/channel/transfer,SUCCESS,normal
2025-04-07 10:23:06+00:00,jupiter,/channel/transfer,SUCCESS,normal
2025-04-07 10:23:08+00:00,jupiter,/channel/transfer,ERROR,normal
2025-04-07 10:34:45+00:00,gorilla,/channel/transfer,SUCCESS,normal
2025-04-07 10:34:48+00:00,venus,/channel/transfer,SUCCESS,normal
2025-04-07 10:11:37+00:00,rhino,/channel/transfer,GATEWAY_TIMEOUT,normal
2025-04-07 10:11:38+00:00,phdefault,/channel/transfer,SUCCESS,normal
2025-04-07 10:23:18+00:00,pluto,/channel/transfer,SUCCESS,normal
2025-04-07 10:11:40+00:00,phdefault,/channel/transfer,TIMEOUT,normal
2025-04-07 10:23:22+00:00,phdefault,/channel/transfer,SUCCESS,normal
2025-04-07 10:35:06+00:00,venus,/channel/transfer,FORBIDDEN,anomaly
2025-04-07 10:23:26+00:00,pluto,/channel/transfer,SUCCESS,normal
2025-04-07 10:23:28+00:00,wakanda,/channel/transfer,SUCCESS,normal
2025-04-07 10:23:30+00:00,gorilla,/channel/transfer,SUCCESS,normal
2025-04-07 10:35:18+00:00,phdefault,/channel/transfer,ERROR,normal
2025-04-07 10:35:21+00:00,rhino,/channel/transfer,SUCCESS,normal
2025-04-07 10:11:48+00:00,wakanda,/channel/transfer,ERROR,normal
2025-04-07 10:11:49+00:00,venus,/channel/transfer,TIMEOUT,normal
2025-04-07 10:11:50+00:00,phdefault,/channel/transfer,ERROR,normal
2025-04-07 10:35:33+00:00,rhino,/channel/transfer,SUCCESS,normal
2025-04-07 10:35:36+00:00,gorilla,/channel/transfer,SUCCESS,normal
2025-04-07 10:23:46+00:00,gorilla,/channel/transfer,SUCCESS,normal
2025-04-07 10:11:54+00:00,jupiter,/channel/transfer,SUCCESS,normal
2025-04-07 10:11:55+00:00,phdefault,/channel/transfer,SUCCESS,normal
2025-04-07 10:23:52+00:00,jupiter,/channel/transfer,SUCCESS,normal
2025-04-07 10:11:57+00:00,gorilla,/channel/transfer,SUCCESS,normal
2025-04-07 10:23:56+00:00,wakanda,/channel/transfer,ERROR,normal
2025-04-07 10:11:59+00:00,jupiter,/channel/transfer,SUCCESS,normal
2025-04-07 10:12:00+00:00,venus,/channel/transfer,SUCCESS,normal
2025-04-07 10:36:03+00:00,rhino,/channel/transfer,SUCCESS,normal
2025-04-07 10:24:04+00:00,rhino,/channel/transfer,SUCCESS,normal
2025-04-07 10:12:03+00:00,gorilla,/channel/transfer,TIMEOUT,normal
2025-04-07 10:36:12+00:00,jupiter,/channel/transfer,SUCCESS,normal
2025-04-07 10:36:15+00:00,phdefault,/channel/transfer,SUCCESS,normal
2025-04-07 10:24:12+00:00,phdefault,/channel/transfer,ERROR,normal
2025-04-07 10:24:14+00:00,phdefault,/channel/transfer,ERROR,normal
2025-04-07 10:12:08+00:00,jupiter,/channel/transfer,SUCCESS,normal
2025-04-07 10:24:18+00:00,venus,/channel/transfer,SUCCESS,normal
2025-04-07 10:24:20+00:00,gorilla,/channel/transfer,FORBIDDEN,anomaly
2025-04-07 10:36:33+00:00,phdefault,/channel/transfer,SUCCESS,normal
2025-04-07 10:36:36+00:00,wakanda,/channel/transfer,ERROR,normal
2025-04-07 10:24:26+00:00,pluto,/channel/transfer,SUCCESS,normal
2025-04-07 10:36:42+00:00,jupiter,/channel/transfer,SUCCESS,normal
2025-04-07 10:24:30+00:00,phdefault,/channel/transfer,TIMEOUT,normal
2025-04-07 10:36:48+00:00,rhino,/channel/transfer,SUCCESS,normal
2025-04-07 10:24:34+00:00,wakanda,/channel/transfer,ERROR,normal
2025-04-07 10:24:36+00:00,gorilla,/channel/transfer,SUCCESS,normal
2025-04-07 10:12:19+00:00,rhino,/channel/transfer,SUCCESS,normal
2025-04-07 10:24:40+00:00,jupiter,/channel/transfer,SUCCESS,normal
2025-04-07 10:12:21+00:00,pluto,/channel/transfer,GATEWAY_TIMEOUT,normal
2025-04-07 10:37:06+00:00,rhino,/channel/transfer,ERROR,normal
2025-04-07 10:12:23+00:00,phdefault,/channel/transfer,TIMEOUT,normal
2025-04-07 10:37:12+00:00,rhino,/channel/transfer,SUCCESS,normal
2025-04-07 10:37:15+00:00,pluto,/channel/transfer,SUCCESS,normal
2025-04-07 10:37:18+00:00,pluto,/channel/transfer,SUCCESS,normal
2025-04-07 10:37:21+00:00,wakanda,/channel/transfer,ERROR,normal
2025-04-07 10:37:24+00:00,gorilla,/channel/transfer,FORBIDDEN,anomaly
2025-04-07 10:12:29+00:00,jupiter,/channel/transfer,SUCCESS,normal
2025-04-07 10:12:30+00:00,rhino,/channel/transfer,GATEWAY_TIMEOUT,normal
2025-04-07 10:12:31+00:00,venus,/channel/transfer,SUCCESS,normal
2025-04-07 10:25:04+00:00,wakanda,/channel/transfer,TIMEOUT,normal
2025-04-07 10:25:06+00:00,gorilla,/channel/transfer,ERROR,normal
2025-04-07 10:25:08+00:00,wakanda,/channel/transfer,ERROR,normal
2025-04-07 10:12:35+00:00,gorilla,/channel/transfer,SUCCESS,normal
2025-04-07 10:25:12+00:00,rhino,/channel/transfer,SUCCESS,normal
2025-04-07 10:12:37+00:00,venus,/channel/transfer,SUCCESS,normal
2025-04-07 10:25:16+00:00,wakanda,/channel/transfer,SUCCESS,normal
2025-04-07 10:37:57+00:00,phdefault,/channel/transfer,SUCCESS,normal
2025-04-07 10:12:40+00:00,phdefault,/channel/transfer,TIMEOUT,normal
2025-04-07 10:12:41+00:00,rhino,/channel/transfer,SUCCESS,normal
2025-04-07 10:38:06+00:00,gorilla,/channel/transfer,SUCCESS,normal
2025-04-07 10:25:26+00:00,phdefault,/channel/transfer,SUCCESS,normal
2025-04-07 10:25:28+00:00,gorilla,/channel/transfer,TIMEOUT,normal
2025-04-07 10:38:15+00:00,venus,/channel/transfer,ERROR,normal
2025-04-07 10:38:18+00:00,rhino,/channel/transfer,SUCCESS,normal
2025-04-07 10:25:34+00:00,pluto,/channel/transfer,ERROR,normal
2025-04-07 10:25:36+00:00,venus,/channel/transfer,SUCCESS,normal
2025-04-07 10:12:49+00:00,wakanda,/channel/transfer,ERROR,normal
2025-04-07 10:12:50+00:00,gorilla,/channel/transfer,SUCCESS,normal
2025-04-07 10:38:33+00:00,jupiter,/channel/transfer,SUCCESS,normal
2025-04-07 10:38:36+00:00,rhino,/channel/transfer,SUCCESS,normal
2025-04-07 10:12:53+00:00,venus,/channel/transfer,SUCCESS,normal
2025-04-07 10:25:48+00:00,phdefault,/channel/transfer,TIMEOUT,normal
2025-04-07 10:12:55+00:00,wakanda,/channel/transfer,SUCCESS,normal
2025-04-07 10:12:56+00:00,gorilla,/channel/transfer,SUCCESS,normal
2025-04-07 10:25:54+00:00,rhino,/channel/transfer,ERROR,normal
2025-04-07 10:12:58+00:00,venus,/channel/transfer,SUCCESS,normal
2025-04-07 10:38:57+00:00,gorilla,/channel/transfer,FORBIDDEN,anomaly
2025-04-07 10:26:00+00:00,rhino,/channel/transfer,SUCCESS,normal
2025-04-07 10:13:01+00:00,jupiter,/channel/transfer,SUCCESS,normal
2025-04-07 10:13:02+00:00,jupiter,/channel/transfer,SUCCESS,normal
2025-04-07 10:39:09+00:00,pluto,/channel/transfer,TIMEOUT,normal
2025-04-07 10:13:04+00:00,wakanda,/channel/transfer,ERROR,normal
2025-04-07 10:13:05+00:00,venus,/channel/transfer,SUCCESS,normal
2025-04-07 10:39:18+00:00,wakanda,/channel/transfer,SUCCESS,normal
2025-04-07 10:13:07+00:00,venus,/channel/transfer,SUCCESS,normal
2025-04-07 10:26:16+00:00,phdefault,/channel/transfer,SUCCESS,normal
2025-04-07 10:39:27+00:00,pluto,/channel/transfer,SUCCESS,normal
2025-04-07 10:13:10+00:00,gorilla,/channel/transfer,SUCCESS,normal
2025-04-07 10:26:22+00:00,wakanda,/channel/transfer,ERROR,normal
2025-04-07 10:13:12+00:00,gorilla,/channel/transfer,SUCCESS,normal
2025-04-07 10:39:39+00:00,phdefault,/channel/transfer,SUCCESS,normal
2025-04-07 10:39:42+00:00,venus,/channel/transfer,SUCCESS,normal
2025-04-07 10:13:15+00:00,phdefault,/channel/transfer,SUCCESS,normal
2025-04-07 10:13:16+00:00,jupiter,/channel/transfer,SUCCESS,normal
2025-04-07 10:26:34+00:00,venus,/channel/transfer,ERROR,normal
2025-04-07 10:39:54+00:00,pluto,/channel/transfer,ERROR,normal
2025-04-07 10:39:57+00:00,venus,/channel/transfer,SUCCESS,normal
2025-04-07 10:13:20+00:00,rhino,/channel/transfer,ERROR,normal
2025-04-07 10:26:42+00:00,wakanda,/channel/transfer,SUCCESS,normal
2025-04-07 10:13:22+00:00,wakanda,/channel/transfer,ERROR,normal
2025-04-07 10:13:23+00:00,gorilla,/channel/transfer,SUCCESS,normal
2025-04-07 10:26:48+00:00,pluto,/channel/transfer,SUCCESS,normal
2025-04-07 10:26:50+00:00,phdefault,/channel/transfer,ERROR,normal
2025-04-07 10:13:26+00:00,jupiter,/channel/transfer,TIMEOUT,normal
2025-04-07 10:13:27+00:00,rhino,/channel/transfer,SUCCESS,normal
2025-04-07 10:40:24+00:00,rhino,/channel/transfer,SUCCESS,normal
2025-04-07 10:13:29+00:00,jupiter,/channel/transfer,ERROR,normal
2025-04-07 10:40:30+00:00,jupiter,/channel/transfer,SUCCESS,normal
2025-04-07 10:27:02+00:00,gorilla,/channel/transfer,ERROR,normal
2025-04-07 10:27:04+00:00,wakanda,/channel/transfer,ERROR,normal
2025-04-07 10:13:33+00:00,phdefault,/channel/transfer,TIMEOUT,normal
2025-04-07 10:40:42+00:00,jupiter,/channel/transfer,SUCCESS,normal
2025-04-07 10:13:35+00:00,rhino,/channel/transfer,SUCCESS,normal
2025-04-07 10:40:48+00:00,rhino,/channel/transfer,SUCCESS,normal
2025-04-07 10:27:14+00:00,gorilla,/channel/transfer,SUCCESS,normal
2025-04-07 10:27:16+00:00,jupiter,/channel/transfer,TIMEOUT,normal
2025-04-07 10:13:39+00:00,jupiter,/channel/transfer,SUCCESS,normal
2025-04-07 10:41:00+00:00,phdefault,/channel/transfer,ERROR,normal
2025-04-07 10:27:22+00:00,gorilla,/channel/transfer,SUCCESS,normal
2025-04-07 10:13:42+00:00,phdefault,/channel/transfer,ERROR,normal
2025-04-07 10:27:26+00:00,wakanda,/channel/transfer,GATEWAY_TIMEOUT,normal
2025-04-07 10:41:12+00:00,wakanda,/channel/transfer,ERROR,normal
2025-04-07 10:27:30+00:00,wakanda,/channel/transfer,SUCCESS,normal
2025-04-07 10:27:32+00:00,rhino,/channel/transfer,SUCCESS,normal
2025-04-07 10:13:47+00:00,pluto,/channel/transfer,SUCCESS,normal
2025-04-07 10:13:48+00:00,phdefault,/channel/transfer,ERROR,normal
2025-04-07 10:13:49+00:00,rhino,/channel/transfer,SUCCESS,normal
2025-04-07 10:27:40+00:00,phdefault,/channel/transfer,SUCCESS,normal
2025-04-07 10:13:51+00:00,rhino,/channel/transfer,SUCCESS,normal
2025-04-07 10:27:44+00:00,rhino,/channel/transfer,SUCCESS,normal
2025-04-07 10:41:39+00:00,wakanda,/channel/transfer,SUCCESS,normal
2025-04-07 10:41:42+00:00,jupiter,/channel/transfer,SUCCESS,normal
2025-04-07 10:27:50+00:00,gorilla,/channel/transfer,SUCCESS,normal
2025-04-07 10:27:52+00:00,rhino,/channel/transfer,SUCCESS,normal
2025-04-07 10:27:54+00:00,wakanda,/channel/transfer,ERROR,normal
2025-04-07 10:41:54+00:00,jupiter,/channel/transfer,SUCCESS,normal
2025-04-07 10:27:58+00:00,gorilla,/channel/transfer,ERROR,normal
2025-04-07 10:42:00+00:00,jupiter,/channel/transfer,SUCCESS,normal
2025-04-07 10:42:03+00:00,jupiter,/channel/transfer,SUCCESS,normal
2025-04-07 10:14:02+00:00,jupiter,/channel/transfer,SUCCESS,normal
2025-04-07 10:28:06+00:00,phdefault,/channel/transfer,ERROR,normal
2025-04-07 10:42:12+00:00,venus,/channel/transfer,SUCCESS,normal
2025-04-07 10:14:05+00:00,phdefault,/channel/transfer,SUCCESS,normal
2025-04-07 10:28:12+00:00,venus,/channel/transfer,SUCCESS,normal
2025-04-07 10:28:14+00:00,jupiter,/channel/transfer,SUCCESS,normal
2025-04-07 10:28:16+00:00,rhino,/channel/transfer,ERROR,normal
2025-04-07 10:28:18+00:00,venus,/channel/transfer,ERROR,normal
2025-04-07 10:28:20+00:00,jupiter,/channel/transfer,GATEWAY_TIMEOUT,normal
2025-04-07 10:28:22+00:00,jupiter,/channel/transfer,TIMEOUT,normal
2025-04-07 10:14:12+00:00,venus,/channel/transfer,GATEWAY_TIMEOUT,normal
2025-04-07 10:14:13+00:00,phdefault,/channel/transfer,FORBIDDEN,anomaly
2025-04-07 10:14:14+00:00,rhino,/channel/transfer,ERROR,normal
2025-04-07 10:14:15+00:00,gorilla,/channel/transfer,FORBIDDEN,normal
2025-04-07 10:14:16+00:00,jupiter,/channel/transfer,SUCCESS,normal
2025-04-07 10:28:34+00:00,gorilla,/channel/transfer,SUCCESS,normal
2025-04-07 10:42:54+00:00,venus,/channel/transfer,ERROR,normal
2025-04-07 10:42:57+00:00,wakanda,/channel/transfer,SUCCESS,normal
2025-04-07 10:14:20+00:00,jupiter,/channel/transfer,ERROR,normal
2025-04-07 10:14:21+00:00,gorilla,/channel/transfer,SUCCESS,normal
2025-04-07 10:14:22+00:00,venus,/channel/transfer,ERROR,normal
2025-04-07 10:14:23+00:00,venus,/channel/transfer,ERROR,normal
2025-04-07 10:28:48+00:00,phdefault,/channel/transfer,SUCCESS,normal
2025-04-07 10:28:50+00:00,pluto,/channel/transfer,ERROR,normal
2025-04-07 10:43:18+00:00,phdefault,/channel/transfer,SUCCESS,normal
2025-04-07 10:14:27+00:00,venus,/channel/transfer,SUCCESS,normal
2025-04-07 10:14:28+00:00,gorilla,/channel/transfer,SUCCESS,normal
2025-04-07 10:14:29+00:00,wakanda,/channel/transfer,SUCCESS,normal
2025-04-07 10:29:00+00:00,wakanda,/channel/transfer,FORBIDDEN,anomaly
2025-04-07 10:29:02+00:00,phdefault,/channel/transfer,ERROR,normal
2025-04-07 10:29:04+00:00,rhino,/channel/transfer,TIMEOUT,normal
2025-04-07 10:29:06+00:00,gorilla,/channel/transfer,SUCCESS,normal
2025-04-07 10:43:42+00:00,venus,/channel/transfer,SUCCESS,normal
2025-04-07 10:43:45+00:00,gorilla,/channel/transfer,SUCCESS,normal
2025-04-07 10:29:12+00:00,pluto,/channel/transfer,SUCCESS,normal
2025-04-07 10:29:14+00:00,pluto,/channel/transfer,SUCCESS,normal
2025-04-07 10:14:38+00:00,rhino,/channel/transfer,SUCCESS,normal
2025-04-07 10:29:18+00:00,phdefault,/channel/transfer,FORBIDDEN,anomaly
2025-04-07 10:14:40+00:00,jupiter,/channel/transfer,SUCCESS,normal
2025-04-07 10:29:22+00:00,jupiter,/channel/transfer,ERROR,normal
2025-04-07 10:44:06+00:00,wakanda,/channel/transfer,SUCCESS,normal
2025-04-07 10:14:43+00:00,phdefault,/channel/transfer,SUCCESS,normal
2025-04-07 10:14:44+00:00,venus,/channel/transfer,ERROR,normal
2025-04-07 10:14:45+00:00,jupiter,/channel/transfer,SUCCESS,normal
2025-04-07 10:14:46+00:00,jupiter,/channel/transfer,GATEWAY_TIMEOUT,normal
2025-04-07 10:29:34+00:00,rhino,/channel/transfer,SUCCESS,normal
2025-04-07 10:44:24+00:00,wakanda,/channel/transfer,FORBIDDEN,anomaly
2025-04-07 10:44:27+00:00,gorilla,/channel/transfer,ERROR,normal
2025-04-07 10:29:40+00:00,wakanda,/channel/transfer,SUCCESS,normal
2025-04-07 10:14:51+00:00,pluto,/channel/transfer,SUCCESS,normal
2025-04-07 10:29:44+00:00,jupiter,/channel/transfer,TIMEOUT,normal
2025-04-07 10:44:39+00:00,venus,/channel/transfer,SUCCESS,normal
2025-04-07 10:44:42+00:00,venus,/channel/transfer,SUCCESS,normal
2025-04-07 10:44:45+00:00,wakanda,/channel/transfer,SUCCESS,normal
2025-04-07 10:44:48+00:00,wakanda,/channel/transfer,SUCCESS,normal
2025-04-07 10:14:57+00:00,jupiter,/channel/transfer,SUCCESS,normal
2025-04-07 10:14:58+00:00,gorilla,/channel/transfer,SUCCESS,normal
2025-04-07 10:29:58+00:00,phdefault,/channel/transfer,SUCCESS,normal
2025-04-07 10:30:00+00:00,rhino,/channel/transfer,SUCCESS,normal
2025-04-07 10:45:03+00:00,gorilla,/channel/transfer,SUCCESS,normal
2025-04-07 10:45:06+00:00,pluto,/channel/transfer,TIMEOUT,anomaly
2025-04-07 10:30:06+00:00,venus,/channel/transfer,SUCCESS,normal
2025-04-07 10:30:08+00:00,jupiter,/channel/transfer,SUCCESS,normal
2025-04-07 10:30:10+00:00,wakanda,/channel/transfer,TIMEOUT,normal
2025-04-07 10:30:12+00:00,wakanda,/channel/transfer,ERROR,normal
2025-04-07 10:45:21+00:00,phdefault,/channel/transfer,SUCCESS,normal
2025-04-07 10:15:08+00:00,phdefault,/channel/transfer,ERROR,normal
2025-04-07 10:30:18+00:00,venus,/channel/transfer,SUCCESS,normal
2025-04-07 10:45:30+00:00,phdefault,/channel/transfer,SUCCESS,normal
2025-04-07 10:45:33+00:00,jupiter,/channel/transfer,ERROR,normal
2025-04-07 10:15:12+00:00,pluto,/channel/transfer,TIMEOUT,normal
2025-04-07 10:30:26+00:00,venus,/channel/transfer,SUCCESS,normal
2025-04-07 10:15:14+00:00,jupiter,/channel/transfer,ERROR,normal
2025-04-07 10:45:45+00:00,pluto,/channel/transfer,SUCCESS,normal
2025-04-07 10:15:16+00:00,rhino,/channel/transfer,TIMEOUT,normal
2025-04-07 10:30:34+00:00,phdefault,/channel/transfer,SUCCESS,normal
2025-04-07 10:45:54+00:00,pluto,/channel/transfer,SUCCESS,normal
2025-04-07 10:15:19+00:00,gorilla,/channel/transfer,TIMEOUT,normal
2025-04-07 10:15:20+00:00,gorilla,/channel/transfer,FORBIDDEN,normal
2025-04-07 10:30:42+00:00,phdefault,/channel/transfer,GATEWAY_TIMEOUT,normal
2025-04-07 10:30:44+00:00,rhino,/channel/transfer,SUCCESS,normal
2025-04-07 10:15:23+00:00,venus,/channel/transfer,ERROR,normal
2025-04-07 10:15:24+00:00,venus,/channel/transfer,SUCCESS,normal
2025-04-07 10:15:25+00:00,phdefault,/channel/transfer,GATEWAY_TIMEOUT,normal
2025-04-07 10:30:52+00:00,venus,/channel/transfer,SUCCESS,normal
2025-04-07 10:46:21+00:00,pluto,/channel/transfer,ERROR,normal
2025-04-07 10:15:28+00:00,wakanda,/channel/transfer,SUCCESS,normal
2025-04-07 10:15:29+00:00,jupiter,/channel/transfer,SUCCESS,normal
2025-04-07 10:46:30+00:00,phdefault,/channel/transfer,ERROR,normal
2025-04-07 10:15:31+00:00,rhino,/channel/transfer,ERROR,normal
2025-04-07 10:31:04+00:00,rhino,/channel/transfer,SUCCESS,normal
2025-04-07 10:15:33+00:00,pluto,/channel/transfer,SUCCESS,normal
2025-04-07 10:15:34+00:00,rhino,/channel/transfer,ERROR,normal
2025-04-07 10:31:10+00:00,phdefault,/channel/transfer,SUCCESS,normal
2025-04-07 10:46:48+00:00,pluto,/channel/transfer,SUCCESS,normal
2025-04-07 10:31:14+00:00,phdefault,/channel/transfer,TIMEOUT,normal
2025-04-07 10:31:16+00:00,gorilla,/channel/transfer,TIMEOUT,normal
2025-04-07 10:31:18+00:00,wakanda,/channel/transfer,ERROR,normal
2025-04-07 10:47:00+00:00,gorilla,/channel/transfer,ERROR,normal
2025-04-07 10:47:03+00:00,venus,/channel/transfer,SUCCESS,normal
2025-04-07 10:15:42+00:00,venus,/channel/transfer,ERROR,normal
2025-04-07 10:31:26+00:00,jupiter,/channel/transfer,SUCCESS,normal
2025-04-07 10:15:44+00:00,venus,/channel/transfer,SUCCESS,normal
2025-04-07 10:47:15+00:00,gorilla,/channel/transfer,TIMEOUT,anomaly
2025-04-07 10:31:32+00:00,venus,/channel/transfer,FORBIDDEN,anomaly
2025-04-07 10:15:47+00:00,wakanda,/channel/transfer,FORBIDDEN,anomaly
2025-04-07 10:15:48+00:00,wakanda,/channel/transfer,SUCCESS,normal
2025-04-07 10:15:49+00:00,wakanda,/channel/transfer,SUCCESS,normal
2025-04-07 10:31:40+00:00,pluto,/channel/transfer,SUCCESS,normal
2025-04-07 10:31:42+00:00,wakanda,/channel/transfer,SUCCESS,normal
2025-04-07 10:31:44+00:00,venus,/channel/transfer,SUCCESS,normal
2025-04-07 10:47:39+00:00,jupiter,/channel/transfer,SUCCESS,normal
2025-04-07 10:47:42+00:00,phdefault,/channel/transfer,SUCCESS,normal
2025-04-07 10:15:55+00:00,gorilla,/channel/transfer,SUCCESS,normal
2025-04-07 10:31:52+00:00,gorilla,/channel/transfer,TIMEOUT,normal
2025-04-07 10:15:57+00:00,phdefault,/channel/transfer,ERROR,normal
2025-04-07 10:15:58+00:00,gorilla,/channel/transfer,SUCCESS,normal
2025-04-07 10:15:59+00:00,jupiter,/channel/transfer,TIMEOUT,normal
2025-04-07 10:48:00+00:00,jupiter,/channel/transfer,SUCCESS,normal
2025-04-07 10:32:02+00:00,rhino,/channel/transfer,SUCCESS,normal
2025-04-07 10:32:04+00:00,pluto,/channel/transfer,ERROR,normal
2025-04-07 10:32:06+00:00,pluto,/channel/transfer,SUCCESS,normal
2025-04-07 10:32:08+00:00,venus,/channel/transfer,SUCCESS,normal
2025-04-07 10:48:15+00:00,jupiter,/channel/transfer,SUCCESS,normal
2025-04-07 10:32:12+00:00,pluto,/channel/transfer,TIMEOUT,normal
2025-04-07 10:16:07+00:00,pluto,/channel/transfer,ERROR,normal
2025-04-07 10:32:16+00:00,phdefault,/channel/transfer,ERROR,normal
2025-04-07 10:32:18+00:00,gorilla,/channel/transfer,GATEWAY_TIMEOUT,normal
2025-04-07 10:32:20+00:00,phdefault,/channel/transfer,SUCCESS,normal
2025-04-07 10:48:33+00:00,wakanda,/channel/transfer,SUCCESS,normal
2025-04-07 10:16:12+00:00,pluto,/channel/transfer,ERROR,normal
2025-04-07 10:48:39+00:00,phdefault,/channel/transfer,SUCCESS,normal
2025-04-07 10:16:14+00:00,venus,/channel/transfer,SUCCESS,normal
2025-04-07 10:48:45+00:00,wakanda,/channel/transfer,ERROR,normal
2025-04-07 10:48:48+00:00,jupiter,/channel/transfer,SUCCESS,normal
2025-04-07 10:32:34+00:00,pluto,/channel/transfer,SUCCESS,normal
2025-04-07 10:32:36+00:00,pluto,/channel/transfer,ERROR,normal
2025-04-07 10:16:19+00:00,phdefault,/channel/transfer,TIMEOUT,normal
2025-04-07 10:32:40+00:00,wakanda,/channel/transfer,ERROR,normal
2025-04-07 10:32:42+00:00,jupiter,/channel/transfer,ERROR,normal
2025-04-07 10:16:22+00:00,wakanda,/channel/transfer,SUCCESS,normal
2025-04-07 10:32:46+00:00,gorilla,/channel/transfer,SUCCESS,normal
2025-04-07 10:32:48+00:00,rhino,/channel/transfer,SUCCESS,normal
2025-04-07 10:32:50+00:00,phdefault,/channel/transfer,GATEWAY_TIMEOUT,anomaly
2025-04-07 10:49:18+00:00,pluto,/channel/transfer,TIMEOUT,anomaly
2025-04-07 10:49:21+00:00,phdefault,/channel/transfer,SUCCESS,normal
2025-04-07 10:16:28+00:00,jupiter,/channel/transfer,TIMEOUT,normal
2025-04-07 10:32:58+00:00,gorilla,/channel/transfer,ERROR,normal
2025-04-07 10:49:30+00:00,phdefault,/channel/transfer,SUCCESS,normal
2025-04-07 10:16:31+00:00,jupiter,/channel/transfer,SUCCESS,normal
2025-04-07 10:16:32+00:00,pluto,/channel/transfer,SUCCESS,normal
2025-04-07 10:49:39+00:00,rhino,/channel/transfer,ERROR,normal
2025-04-07 10:16:34+00:00,phdefault,/channel/transfer,SUCCESS,normal
2025-04-07 10:16:35+00:00,phdefault,/channel/transfer,TIMEOUT,normal
2025-04-07 10:49:48+00:00,gorilla,/channel/transfer,ERROR,anomaly
2025-04-07 10:16:37+00:00,phdefault,/channel/transfer,SUCCESS,normal
2025-04-07 10:16:38+00:00,gorilla,/channel/transfer,SUCCESS,normal
2025-04-07 10:49:57+00:00,wakanda,/channel/transfer,TIMEOUT,anomaly
